"tree","inference_model","inference_model_weight","site_model","clock_model","tree_prior","error_1","error_2","error_3","error_4","error_5","error_6","error_7","error_8","error_9","error_10"
"true","generative",NA,"JC69","strict","yule",0.0524973437840953,0.0668616569486688,0.0558278127409557,0.022201278215198,0.039500406897028,0.0876212607803306,0.0730510241067916,0.100629896067406,0.0341958837958982,0.0256788304197079
"true","candidate",0.249431369859121,"JC69","strict","birth_death",0.0929413977960737,0.0999536762717016,0.0145172089642653,0.0174170578871456,0.0482033780047524,0.0160444029013604,0.0621188539636789,0.116264428923556,0.0487815866832031,0.0542252072431607
"twin","generative",NA,"JC69","strict","yule",0.00684338126074008,0.0119864421967429,0.0262262485428499,0.0101770243588174,0.0339737852911251,0.0343421274690505,0.0310376254325623,0.016233045129966,0.0279428986953829,0.0280175354192937
"twin","candidate",0.961232614111116,"JC69","relaxed_log_normal","yule",0.0191856432552449,0.0559647187900742,0.0444912941764809,0.0603168990029003,0.0400150088483463,0.0162832962433576,0.0283645009585947,0.016091238598776,0.0198328098294533,0.0181262126190592
